source_file,source_kind,source_sheet,2002-03,mineral,province,period_type,period_order,period,value,unit
Mineral-Production-Data-2020-21.pdf,xlsx,mineral production,2002-03,(ONYX),Balochistan,month,1,2-Jul,4816.0,MT
Mineral-Production-Data-2020-21.pdf,xlsx,mineral production,2002-03,(ONYX),Balochistan,month,1,2-Jul,5183.0,MT
Mineral-Production-Data-2020-21.pdf,xlsx,mineral production,2002-03,(ONYX),Balochistan,month,1,2-Jul,3804.0,MT
Mineral-Production-Data-2020-21.pdf,xlsx,mineral production,2002-03,(ONYX),Balochistan,month,1,2-Jul,6750.0,MT
Mineral-Production-Data-2020-21.pdf,xlsx,mineral production,2002-03,(ONYX),Balochistan,month,1,2-Jul,8049.0,MT
Mineral-Production-Data-2020-21.pdf,xlsx,mineral production,2002-03,(ONYX),Balochistan,month,1,2-Jul,6389.0,MT
Mineral-Production-Data-2020-21.pdf,xlsx,mineral production,2002-03,(ONYX),Balochistan,month,1,2-Jul,5275.0,MT
Mineral-Production-Data-2020-21.pdf,xlsx,mineral production,2002-03,(ONYX),Balochistan,month,1,2-Jul,6571.0,MT
Mineral-Production-Data-2020-21.pdf,xlsx,mineral production,2002-03,(ONYX),Balochistan,month,1,2-Jul,9271.0,MT
Mineral-Production-Data-2020-21.pdf,xlsx,mineral production,2002-03,(ONYX),Balochistan,month,1,2-Jul,6739.0,MT
Mineral-Production-Data-2020-21.pdf,xlsx,mineral production,2002-03,(ONYX),Balochistan,month,1,2-Jul,6710.0,MT
Mineral-Production-Data-2020-21.pdf,xlsx,mineral production,2002-03,(ONYX),Balochistan,month,1,2-Jul,2443.0,MT
Mineral-Production-Data-2020-21.pdf,xlsx,mineral production,2002-03,(ONYX),Balochistan,month,1,2-Jul,1916.0,MT
Mineral-Production-Data-2020-21.pdf,xlsx,mineral production,2002-03,(ONYX),Balochistan,month,1,2-Jul,399.0,MT
Mineral-Production-Data-2020-21.pdf,xlsx,mineral production,2002-03,(ONYX),Balochistan,month,1,2-Jul,879.0,MT
Mineral-Production-Data-2020-21.pdf,xlsx,mineral production,2002-03,(ONYX),Balochistan,month,1,2-Jul,237.0,MT
Mineral-Production-Data-2020-21.pdf,xlsx,mineral production,2002-03,(ONYX),Balochistan,month,1,2-Jul,1111.0,MT
Mineral-Production-Data-2020-21.pdf,xlsx,mineral production,2002-03,(ONYX),Balochistan,month,1,2-Jul,0.0,MT
Mineral-Production-Data-2020-21.pdf,xlsx,mineral production,2002-03,(ONYX),Balochistan,month,2,2-Aug,3667.0,MT
Mineral-Production-Data-2020-21.pdf,xlsx,mineral production,2002-03,(ONYX),Balochistan,month,2,2-Aug,4328.0,MT
Mineral-Production-Data-2020-21.pdf,xlsx,mineral production,2002-03,(ONYX),Balochistan,month,2,2-Aug,2369.0,MT
Mineral-Production-Data-2020-21.pdf,xlsx,mineral production,2002-03,(ONYX),Balochistan,month,2,2-Aug,6497.0,MT
Mineral-Production-Data-2020-21.pdf,xlsx,mineral production,2002-03,(ONYX),Balochistan,month,2,2-Aug,5450.0,MT
Mineral-Production-Data-2020-21.pdf,xlsx,mineral production,2002-03,(ONYX),Balochistan,month,2,2-Aug,7271.0,MT
Mineral-Production-Data-2020-21.pdf,xlsx,mineral production,2002-03,(ONYX),Balochistan,month,2,2-Aug,5551.0,MT
Mineral-Production-Data-2020-21.pdf,xlsx,mineral production,2002-03,(ONYX),Balochistan,month,2,2-Aug,6720.0,MT
Mineral-Production-Data-2020-21.pdf,xlsx,mineral production,2002-03,(ONYX),Balochistan,month,2,2-Aug,5539.0,MT
Mineral-Production-Data-2020-21.pdf,xlsx,mineral production,2002-03,(ONYX),Balochistan,month,2,2-Aug,7908.0,MT
Mineral-Production-Data-2020-21.pdf,xlsx,mineral production,2002-03,(ONYX),Balochistan,month,2,2-Aug,3939.0,MT
Mineral-Production-Data-2020-21.pdf,xlsx,mineral production,2002-03,(ONYX),Balochistan,month,2,2-Aug,5120.0,MT
Mineral-Production-Data-2020-21.pdf,xlsx,mineral production,2002-03,(ONYX),Balochistan,month,2,2-Aug,2215.0,MT
Mineral-Production-Data-2020-21.pdf,xlsx,mineral production,2002-03,(ONYX),Balochistan,month,2,2-Aug,669.0,MT
Mineral-Production-Data-2020-21.pdf,xlsx,mineral production,2002-03,(ONYX),Balochistan,month,2,2-Aug,264.0,MT
Mineral-Production-Data-2020-21.pdf,xlsx,mineral production,2002-03,(ONYX),Balochistan,month,2,2-Aug,214.0,MT
Mineral-Production-Data-2020-21.pdf,xlsx,mineral production,2002-03,(ONYX),Balochistan,month,2,2-Aug,149.0,MT
Mineral-Production-Data-2020-21.pdf,xlsx,mineral production,2002-03,(ONYX),Balochistan,month,2,2-Aug,237.0,MT
Mineral-Production-Data-2020-21.pdf,xlsx,mineral production,2002-03,(ONYX),Balochistan,month,3,2-Sep,2665.0,MT
Mineral-Production-Data-2020-21.pdf,xlsx,mineral production,2002-03,(ONYX),Balochistan,month,3,2-Sep,3061.0,MT
Mineral-Production-Data-2020-21.pdf,xlsx,mineral production,2002-03,(ONYX),Balochistan,month,3,2-Sep,4247.0,MT
Mineral-Production-Data-2020-21.pdf,xlsx,mineral production,2002-03,(ONYX),Balochistan,month,3,2-Sep,2100.0,MT
Mineral-Production-Data-2020-21.pdf,xlsx,mineral production,2002-03,(ONYX),Balochistan,month,3,2-Sep,4563.0,MT
Mineral-Production-Data-2020-21.pdf,xlsx,mineral production,2002-03,(ONYX),Balochistan,month,3,2-Sep,5197.0,MT
Mineral-Production-Data-2020-21.pdf,xlsx,mineral production,2002-03,(ONYX),Balochistan,month,3,2-Sep,6790.0,MT
Mineral-Production-Data-2020-21.pdf,xlsx,mineral production,2002-03,(ONYX),Balochistan,month,3,2-Sep,4085.0,MT
Mineral-Production-Data-2020-21.pdf,xlsx,mineral production,2002-03,(ONYX),Balochistan,month,3,2-Sep,2299.0,MT
Mineral-Production-Data-2020-21.pdf,xlsx,mineral production,2002-03,(ONYX),Balochistan,month,3,2-Sep,6141.0,MT
Mineral-Production-Data-2020-21.pdf,xlsx,mineral production,2002-03,(ONYX),Balochistan,month,3,2-Sep,7104.0,MT
Mineral-Production-Data-2020-21.pdf,xlsx,mineral production,2002-03,(ONYX),Balochistan,month,3,2-Sep,5221.0,MT
Mineral-Production-Data-2020-21.pdf,xlsx,mineral production,2002-03,(ONYX),Balochistan,month,3,2-Sep,2485.0,MT
Mineral-Production-Data-2020-21.pdf,xlsx,mineral production,2002-03,(ONYX),Balochistan,month,3,2-Sep,604.0,MT
Mineral-Production-Data-2020-21.pdf,xlsx,mineral production,2002-03,(ONYX),Balochistan,month,3,2-Sep,703.0,MT
Mineral-Production-Data-2020-21.pdf,xlsx,mineral production,2002-03,(ONYX),Balochistan,month,3,2-Sep,499.0,MT
Mineral-Production-Data-2020-21.pdf,xlsx,mineral production,2002-03,(ONYX),Balochistan,month,3,2-Sep,300.0,MT
Mineral-Production-Data-2020-21.pdf,xlsx,mineral production,2002-03,(ONYX),Balochistan,month,3,2-Sep,167.0,MT
Mineral-Production-Data-2020-21.pdf,xlsx,mineral production,2002-03,(ONYX),Balochistan,month,4,2-Oct,4554.0,MT
Mineral-Production-Data-2020-21.pdf,xlsx,mineral production,2002-03,(ONYX),Balochistan,month,4,2-Oct,4124.0,MT
Mineral-Production-Data-2020-21.pdf,xlsx,mineral production,2002-03,(ONYX),Balochistan,month,4,2-Oct,3183.0,MT
Mineral-Production-Data-2020-21.pdf,xlsx,mineral production,2002-03,(ONYX),Balochistan,month,4,2-Oct,3076.0,MT
Mineral-Production-Data-2020-21.pdf,xlsx,mineral production,2002-03,(ONYX),Balochistan,month,4,2-Oct,3528.0,MT
Mineral-Production-Data-2020-21.pdf,xlsx,mineral production,2002-03,(ONYX),Balochistan,month,4,2-Oct,6346.0,MT
Mineral-Production-Data-2020-21.pdf,xlsx,mineral production,2002-03,(ONYX),Balochistan,month,4,2-Oct,4775.0,MT
Mineral-Production-Data-2020-21.pdf,xlsx,mineral production,2002-03,(ONYX),Balochistan,month,4,2-Oct,2950.0,MT
Mineral-Production-Data-2020-21.pdf,xlsx,mineral production,2002-03,(ONYX),Balochistan,month,4,2-Oct,3153.0,MT
Mineral-Production-Data-2020-21.pdf,xlsx,mineral production,2002-03,(ONYX),Balochistan,month,4,2-Oct,9214.0,MT
Mineral-Production-Data-2020-21.pdf,xlsx,mineral production,2002-03,(ONYX),Balochistan,month,4,2-Oct,6917.0,MT
Mineral-Production-Data-2020-21.pdf,xlsx,mineral production,2002-03,(ONYX),Balochistan,month,4,2-Oct,2370.0,MT
Mineral-Production-Data-2020-21.pdf,xlsx,mineral production,2002-03,(ONYX),Balochistan,month,4,2-Oct,7350.0,MT
Mineral-Production-Data-2020-21.pdf,xlsx,mineral production,2002-03,(ONYX),Balochistan,month,4,2-Oct,2564.0,MT
Mineral-Production-Data-2020-21.pdf,xlsx,mineral production,2002-03,(ONYX),Balochistan,month,4,2-Oct,2140.0,MT
Mineral-Production-Data-2020-21.pdf,xlsx,mineral production,2002-03,(ONYX),Balochistan,month,4,2-Oct,89.0,MT
Mineral-Production-Data-2020-21.pdf,xlsx,mineral production,2002-03,(ONYX),Balochistan,month,4,2-Oct,170.0,MT
Mineral-Production-Data-2020-21.pdf,xlsx,mineral production,2002-03,(ONYX),Balochistan,month,4,2-Oct,189.0,MT
Mineral-Production-Data-2020-21.pdf,xlsx,mineral production,2002-03,(ONYX),Balochistan,month,5,2-Nov,2694.0,MT
Mineral-Production-Data-2020-21.pdf,xlsx,mineral production,2002-03,(ONYX),Balochistan,month,5,2-Nov,2503.0,MT
Mineral-Production-Data-2020-21.pdf,xlsx,mineral production,2002-03,(ONYX),Balochistan,month,5,2-Nov,1516.0,MT
Mineral-Production-Data-2020-21.pdf,xlsx,mineral production,2002-03,(ONYX),Balochistan,month,5,2-Nov,1301.0,MT
Mineral-Production-Data-2020-21.pdf,xlsx,mineral production,2002-03,(ONYX),Balochistan,month,5,2-Nov,4151.0,MT
Mineral-Production-Data-2020-21.pdf,xlsx,mineral production,2002-03,(ONYX),Balochistan,month,5,2-Nov,4749.0,MT
Mineral-Production-Data-2020-21.pdf,xlsx,mineral production,2002-03,(ONYX),Balochistan,month,5,2-Nov,4753.0,MT
Mineral-Production-Data-2020-21.pdf,xlsx,mineral production,2002-03,(ONYX),Balochistan,month,5,2-Nov,1249.0,MT
Mineral-Production-Data-2020-21.pdf,xlsx,mineral production,2002-03,(ONYX),Balochistan,month,5,2-Nov,5549.0,MT
Mineral-Production-Data-2020-21.pdf,xlsx,mineral production,2002-03,(ONYX),Balochistan,month,5,2-Nov,4485.0,MT
Mineral-Production-Data-2020-21.pdf,xlsx,mineral production,2002-03,(ONYX),Balochistan,month,5,2-Nov,3858.0,MT
Mineral-Production-Data-2020-21.pdf,xlsx,mineral production,2002-03,(ONYX),Balochistan,month,5,2-Nov,3096.0,MT
Mineral-Production-Data-2020-21.pdf,xlsx,mineral production,2002-03,(ONYX),Balochistan,month,5,2-Nov,760.0,MT
Mineral-Production-Data-2020-21.pdf,xlsx,mineral production,2002-03,(ONYX),Balochistan,month,5,2-Nov,982.0,MT
Mineral-Production-Data-2020-21.pdf,xlsx,mineral production,2002-03,(ONYX),Balochistan,month,5,2-Nov,1064.0,MT
Mineral-Production-Data-2020-21.pdf,xlsx,mineral production,2002-03,(ONYX),Balochistan,month,5,2-Nov,2052.0,MT
Mineral-Production-Data-2020-21.pdf,xlsx,mineral production,2002-03,(ONYX),Balochistan,month,5,2-Nov,370.0,MT
Mineral-Production-Data-2020-21.pdf,xlsx,mineral production,2002-03,(ONYX),Balochistan,month,5,2-Nov,453.0,MT
Mineral-Production-Data-2020-21.pdf,xlsx,mineral production,2002-03,(ONYX),Balochistan,month,6,2-Dec,1497.0,MT
Mineral-Production-Data-2020-21.pdf,xlsx,mineral production,2002-03,(ONYX),Balochistan,month,6,2-Dec,2803.0,MT
Mineral-Production-Data-2020-21.pdf,xlsx,mineral production,2002-03,(ONYX),Balochistan,month,6,2-Dec,3720.0,MT
Mineral-Production-Data-2020-21.pdf,xlsx,mineral production,2002-03,(ONYX),Balochistan,month,6,2-Dec,3003.0,MT
Mineral-Production-Data-2020-21.pdf,xlsx,mineral production,2002-03,(ONYX),Balochistan,month,6,2-Dec,2806.0,MT
Mineral-Production-Data-2020-21.pdf,xlsx,mineral production,2002-03,(ONYX),Balochistan,month,6,2-Dec,7347.0,MT
Mineral-Production-Data-2020-21.pdf,xlsx,mineral production,2002-03,(ONYX),Balochistan,month,6,2-Dec,4074.0,MT
Mineral-Production-Data-2020-21.pdf,xlsx,mineral production,2002-03,(ONYX),Balochistan,month,6,2-Dec,2783.0,MT
Mineral-Production-Data-2020-21.pdf,xlsx,mineral production,2002-03,(ONYX),Balochistan,month,6,2-Dec,7383.0,MT
Mineral-Production-Data-2020-21.pdf,xlsx,mineral production,2002-03,(ONYX),Balochistan,month,6,2-Dec,0.0,MT
