S.  No,Sector/Industry,1999-2000,2000-01,2001-02,2002-03,2003-04,2004-05,2005-06,2006-07,2007-08,2008-09,2009-10,2010-11,2011-12,2012-13,2013-14,2014-15,2015-16,2016-17,2017-18,2018-19,2019-20,2020-21,2021-22,2022-23,2023-24,2024-25
,GDP Growth Rate (%),,3.64,2.62,5.17,7.69,8,5.66,5.11,4.44,1.06,2.26,3.2,3.2,3.86,3.56,3.81,4.07,4.61,6.1,3.12,-0.94,5.77,6.18,-0.21,2.6153536832381548,3.057657903866655
A,"Agriculture, Forestry and Fishing (1 to 4 )",5018356.376617723,5013941.090089901,5077193.680560931,5258170.250655293,5420793.33942585,5789117.304212991,5898413.856288432,6103888.045461617,6153614.394952432,6363626.998223576,6383524.6301511815,6556680.430579245,6768528.299582489,6981191.770975552,7150034.456483932,7277451.678187437,7306957,7468900,7758432,7831296,8137860,8424041,8778647,8975069,9549362,9694995
,1. Crops ( i+ii+iii),2293488.3401639373,2139845.9979373817,2072269.2471381708,2101190.86429126,2118616.979026612,2392432.002799484,2384981.548034523,2520256.833819057,2461864.7401817245,2559066.2120479313,2425068.0276139425,2475465.5423885463,2506342.8506449466,2576183.5371227358,2623259.449940896,2597394.9824314527,2497153,2531438,2648128,2532070,2692121,2849148,3083439,3047425,3378267,3343944
,      i)  Important Crops,1162155.4087080867,1044427.5693705917,1002894.5798040545,1058286.2189868125,1062470.9700887771,1276891.0290261232,1236014.0080732196,1344198.8063652762,1278590.182315824,1370855.9849782758,1307739.4449087894,1356855.3302471093,1455250.0923848792,1476418.6373776672,1573024.8469426348,1542822.283874434,1462455,1501621,1565723,1431198,1506263,1593985,1681708,1689304,1977855,1718467
,      ii) Other Crops,1001745.5519880621,969276.5508561304,944772.6696361203,921308.1743824997,935124.8627317663,960653.3133117285,1002746.389372864,1030572.5325329547,1047324.4836695727,1051028.0859842817,972151.384960681,984172.3037665765,897774.9127603499,951681.4229085627,904038.4296331361,898386.4899436866,912388,901099,943042,977166,1067179,1152009,1289069,1271187,1272421,1521791
,      iii) Cotton Ginning,129587.37946778873,126141.87771065946,124601.99769799592,121596.47092194791,121021.1462060684,154887.66046163213,146221.1505884395,145485.4949208261,135950.07419632742,137182.14108537353,145177.19774447184,134437.90837486018,153317.84549971734,148083.47683650604,146196.17336512503,156186.20861333213,122310,128718,139363,123706,118679,103154,112662,86934,127991,103686
,2.  Livestock,2413171.352996325,2548790.811004678,2680497.235554675,2799540.8519059313,2932166.28630954,3068937.838253468,3209572.3184672487,3299845.202580438,3429031.681104783,3542890.169066441,3686172.5044905934,3833038.2766276323,4006297.9337416478,4138768.373567215,4257306.91582882,4426704.318808261,4531885,4662846,4830324,5006731,5146701,5269009,5387611,5587106,5831984,6004016
,3.  Forestry,212613.56743704525,229153.6544022821,240137.2510854348,270242.50106352114,281092.3081671283,238324.91780791216,195783.55442484393,175604.29377836658,145685.5045966943,141449.47807800962,150391.82561946276,146901.54791336352,150841.48811769835,160514.29596290388,162764.76778587498,140810.62930465658,161737,157022,160541,172129,177917,183877,185162,217372,214976,221160
,4.  Fishing,99083.11602041598,96150.6267455598,84289.94678264981,87196.03339458152,88917.76592256958,89422.54535212743,108076.43536181634,108181.71528375626,117032.4690692304,120221.13903119406,121892.27242718262,101275.06364970247,105046.02707819667,105725.56432269665,106703.3229283409,112541.74764306692,116182,117594,119439,120366,121121,122007,122435,123166,124135,125875
B,Industrial Activities ( 1 to 4 ),2644188.457409175,2820244.140073511,2872556.0196454246,3059073.7346314657,3584870.258849303,3908309.774154424,4036565.315622381,4329873.657169606,4709885.503446894,4514625.647752107,4693059.26631231,4921837.047643502,5036634.368186424,5094824.085583638,5315788.366060162,5602641.14267763,5939635,6213295,6783864,6800675,6409967,6935438,7421583,7133708,7063185,7432403.162350301
,1.  Mining and Quarrying,387010.23810288514,410560.0775216177,437974.99475073325,481275.62714690715,581835.6398233749,521257.4134107841,546871.3463831488,576680.6380452143,598022.5149743939,591832.7537645396,606177.8314936261,581713.0396364423,612310.0918726507,623161.4500565535,629518.296059489,654371.2275901827,691258,685104,734818,738791,685844,697669,651208,630143,614814,592091
,2.  Manufacturing ( i+ii+iii),1405601.9201351926,1555622.8579714764,1622115.6917492812,1742266.9406378907,2026951.3983467186,2345749.713263557,2590683.410284645,2799583.810896689,2971396.2818027562,2854407.39817217,2903662.82214336,2979531.278193009,3039515.546032922,3202692.388704573,3387283.184058273,3526713.954753006,3668778.0000000005,3847353,4119706,4305977,3970245.9999999995,4388024,4864350,4608423,4748113,4841123
,     i)    Large Scale,1117699.3944698432,1249416.9111191374,1296092.0932678594,1395022.8731692457,1658121.0024425369,1955447.148052523,2167420.4511235133,2353825.5521897804,2495527.8135779398,2344422.617860837,2356726.32865439,2393526.712073028,2413881.8704137495,2529946.752046176,2667136.07941995,2755731.919621504,2841708.7218924635,2957914.3844979987,3162575.935767959,3274235.3016279317,2906578.340557982,3240794,3626559,3269760,3300543.755670657,3277708.9620311665
,     ii)   Small Scale,142702.32870222634,153442.11863594223,165242.56094517736,177630.3581903637,190466.455638291,203591.96190415992,224339.39566132321,239309.23050943762,259130.86036474732,281418.34526737477,306028.02375958016,332119.40071143775,358818.47716990666,390062.3584107546,422385.10848163825,457082.4277703146,494948.6752457114,538400.8238578343,585867.4341545416,638625.5498881092,647374.3335043645,705485,768249,838794,914696.6673102675,996220.7454624193
,     iii)  Slaughtering,145200.19696312293,152763.82821639662,160781.03753624437,169613.70927828143,178363.94026589068,186710.60330687417,198923.56349980854,206449.02819747082,216737.60786006926,228566.43504395825,240908.46972939023,253885.1654085433,266815.1984492657,282683.2782476421,297761.9961566848,313899.6073611872,332120.60286182526,351037.79164416716,371262.6300774996,393116.1484839594,416293.3259376531,441745,469542,499869,532872.5770190756,567193.2925064141
,"3   Electricity, Gas and Water supply",478550.8477831102,459445.9583326588,419778.2824871841,427573.71001640963,566769.0062991406,546559.6758835021,343289.0538418584,328487.42037590186,431750.0974401486,407180.9812385094,473964.34522618866,707873.6142469347,717927.8085227308,566094.5682160937,573706.1187597164,635857.7418711089,681030,690618,745548,786907,814703,888101,926804,1016276,833479,1075699
,4.  Construction,373025.4513879869,394615.24624775746,392687.050658226,407957.45683025825,409314.2143800682,494742.97159658076,555721.5051127288,625121.7878518006,708716.6092295954,661204.5145768884,709254.2674491348,652719.1155671157,666880.9217581201,702875.678606419,725280.7671826831,785698.2184633325,898569,990220,1183792,969000,939174,961644,979221,878866,866779,923490.1623503012
,Commodity Producing Activities (A+B),7662544.834026898,7834185.230163412,7949749.700206355,8317243.985286759,9005663.598275153,9697427.078367416,9934979.171910813,10433761.702631224,10863499.898399327,10878252.645975683,11076583.896463491,11478517.478222746,11805162.667768912,12076015.85655919,12465822.822544094,12880092.820865069,13246592,13682195,14542296,14631971,14547827,15359479,16200230,16108777,16612547,17127398.1623503
C,Services ( 1 to 10),8144531.956064846,8547928.876415152,8862106.969678761,9363312.202152452,10034672.00916451,10865657.153900098,11792773.555560365,12404421.68099576,12989820.141869415,13228661.827098493,13576232.054795241,13964279.288149476,14450865.748901926,15192532.89558807,15772481.370507456,16434535.675899675,17261613,18232012,19317324,20284070,20038838,21223003,22643030,22651994,23161955.252,23863272.3014816
,1.  Wholesale & Retail trade,2786055.1188090025,2921617.6249690307,2973256.1666935734,3139553.2011622945,3455772.6322558015,3907320.518531649,4235836.0592364175,4452654.013774632,4652221.173536317,4517382.030750015,4569429.027556079,4638731.531973679,4684891.532740144,4839816.543467715,5054009.603406964,5172213.263551987,5380330,5727275,6114661,6331734,5998707,6647199,7325882,7034557,7267093,7296612
,2. Transportation & Storage,1762191.9573492915,1869521.6290766085,1900431.5479054775,2000901.9669597733,2090111.180988202,2195466.4290567115,2306455.1788789113,2489833.1768474514,2539136.8018967966,2714827.006437583,2791665.4187766137,2865093.1582966344,2907973.693854834,3059426.4404167384,3192742.984265607,3354065.366915806,3448607,3589252,3707938,3990773,3634152,3811190,3980936,4132065,4200059,4314883
,3. Accommodation and Food Services Activities (Hotels & Restaurants),148300.9850065377,163156.7209503385,179521.475801366,197483.86545280647,217166.18102605958,238769.28221883668,262944.9615070845,275533.3675918046,289208.5149049948,303642.18819219706,318786.71042125626,334725.2353996946,350967.0239341231,368513.07082446566,386659.85889765335,405595.637396429,425666,442789,460952,479936,499522,520024,541222,563348,586418.252,610325.3014815999
,4. Information and Communication,101149.68120919385,102656.08804426112,105235.42770282892,112675.452173825,139920.10353693285,177497.96387635608,240240.37871277818,298902.39877439424,391100.5015887653,455063.0769603066,448252.469720479,440763.3730766922,513329.32236286235,538781.325347695,528909.2177928183,570757.7825813596,610952,675174,703443,763216,868338,953818,1125119,1118252,1166286,1248041
,5.  Financial and Insurance Activities,228779.9687651963,253572.02696121574,266571.10797760123,283228.168189602,317470.96485215466,381983.747731542,439568.2553564693,474187.80934566585,523939.8428117775,495489.1470316169,461583.39950526506,434421.2456305112,431636.7613641383,461758.9615123448,478651.274504145,504668.9026742651,530185,573828,624079,662149,647435,682988,730220,658921,575039,611070
,6.  Real Estate Activities (OD),950329.4728177964,985934.0751655002,1020427.2019879137,1052954.031166552,1089218.8810885183,1125966.7915792821,1167041.1044227472,1211486.3634519738,1258790.2001461957,1309316.0142664916,1361721.273920673,1417680.944786389,1468631.6695464985,1533340.103579194,1593526.0614190623,1657448.6934878067,1735453,1798794,1863846,1932853,2006873,2080095,2156942,2237142,2320700,2407856
,7.  Public Administration and Social Security (General Government),774210.6241111148,786887.5813978703,838038.1797534663,889990.705531264,941656.957408339,990794.7846659798,1085282.8313222409,1065491.1847894737,1070320.0791519263,959589.5961387597,1039458.255720283,1117537.124774192,1254956.7229813468,1380048.7699026926,1261099.4850409534,1359824.1850094302,1458465,1547990,1717130,1776775,1830153,1820093,1853122,1722958,1602278,1742005
,8. Education,354346.925850515,364274.91210010304,394859.0830974624,435230.89025888353,476683.97264920024,491456.5186884168,581970.1227083678,588592.7797221353,632653.3750771253,691678.900531753,687671.5116570053,717632.6324681722,710974.3432471891,754703.4695257933,874642.7807125322,859989.0415441528,954556,939569,972853,991899,1024760,1012428,1071646,1133051,1247057,1288506
,9. Human Health and Social Work Activities,118602.53250045415,123864.02235115021,130834.21894857072,140671.6908905713,147683.30458043714,155050.89379777992,171910.16232526145,191023.26475041258,206309.87344587588,267262.72885124217,286804.0557221875,291628.88873091165,320709.2360270071,347501.6305969486,367958.8872251215,394102.3367870174,419645,470322,497098,535541,568638,585137,600835,657046,679024,701954
,10.  Other Private Services,920564.6896457435,976444.1953990748,1052932.5598105,1110622.230366879,1158987.830778865,1201350.223753545,1301524.5010900877,1356717.3219478182,1426139.7793096402,1514411.1379385283,1610859.931795396,1706065.1530126026,1806795.4428437832,1908642.5804144833,2034281.2172426009,2155870.4659514218,2297754,2467019,2655324,2819194,2960260,3110031,3257106,3394654,3518001,3642020
D,GDP (Total of GVA at bp (A+B+C)),15807076.790091746,16382114.106578564,16811856.669885118,17680556.18743921,19040335.607439663,20563084.232267514,21727752.72747118,22838183.383626983,23853320.04026874,24106914.473074175,24652815.951258734,25442796.766372222,26256028.416670837,27268548.75214726,28238304.19305155,29314628.49676474,30508205,31914207,33859620,34916041,34586665,36582482,38843260,38760771,39774502.252000004,40990670.4638319
E,Taxes,899578.6507151839,933975.7566621372,946397.3925823935,1086357.1048368234,1190433.4586826717,1170938.4108677574,1321800.99008843,1297188.3501751295,1359206.360739629,1600447.7039007093,1377395.1158331125,1456850.1250419654,1531323.8263909535,1489924.2477559205,1591092.5995955956,1680356.9855671576,2442880,2483605,2610793,2555422,2449628,2894190,2906476,2672001,2749577,3239611.9168201354
F,Subsidies,66629.7579214749,68478.57413346358,63098.87799119052,115987.76672626636,119241.89659929572,159065.22881790568,168958.05187938153,237776.07092174934,808196.3113536658,455579.37733202317,399217.820707675,581713.0751503634,672620.896879261,459677.9271867838,365702.14732191915,288529.25760436687,226036,222184,192402,287359,325947,375056,779803,632838,466788,617533.0449525382
G,GDP at mp (GVA+T-S),16640025.682885455,17247611.289107237,17695155.18447632,18650925.525549766,20111527.169523038,21574957.414317366,22880595.66568023,23897595.662880365,24404330.089654706,25251782.79964286,25630993.24638417,26317933.816263825,27114731.34618253,28298795.072716396,29463694.645325225,30706456.22472753,32725049,34175628,36278011,37184104,36710346,39101616,40969933,40799934,42057291.252000004,43612749.3356995
H,Net Primary Income (NPI),-256166.23784190125,-256563.41225512442,12707.0852531774,460011.6696509523,319073.3446995783,309247.9184701378,294037.7431292505,272424.66208080447,292903.3870062505,400273.0209859216,668701.5931857566,823458.747399178,858351.2783107779,889874.8693210884,1052148.1471268565,1228502.5747396045,1492194,1479873,1484165,1934448,2424050,3275406,2806550,3235842,3193525,4122053
I,Gross National Income,16383859.445043555,16991047.876852114,17707862.2697295,19110937.19520072,20430600.514222614,21884205.332787503,23174633.40880948,24170020.32496117,24697233.476660956,25652055.82062878,26299694.839569926,27141392.563663002,27973082.62449331,29188669.942037486,30515842.792452082,31934958.799467135,34217243,35655501,37762176,39118552,39134396,42377022,43776483,44035776,45250816.252000004,47734802.3356995
J,GDP (at Current Market Prices),5147094.96132463,5655817.907899253,6030116.987006255,6581622.987767133,7611677.902880173,8619231.796799202,9689070.773723098,11165234.33963877,12647136.76080171,14705697.558496986,16507053.35027136,19731030.411379207,22344639.1371674,25042169.405187108,27952815.352717996,30425879.918414775,32725049,35552819,39189810,43798401,47540409,55836225,66657868,83650830,105240534,113807399.20511661
"GVA: Gross Value Added, mp: Market Prices, bp: Basic Prices",,,,,,,,,,,,,,,,,,,,,,,,,,,
OD: Ownership of Dwellings,,,,,,,,,,,,,,,,,,,,,,,,,,,
,,,,,,,,,,,,,,,,,,,,,,,,,,,
Source: Pakistan Bureau of Statistics (PBS),,,,,,,,,,,,,,,,,,,,,,,,,,,
